1,一,1
2,乙,1
3,二,1
4,十,1
5,丁,1
6,厂,1
7,七,1
8,卜,1
9,八,1
10,人,1
11,入,1
12,儿,1
14,几,1
15,九,1
17,了,1
18,刀,1
19,力,1
20,乃,1
21,又,1
22,三,1
23,干,1
24,于,1
25,亏,1
26,工,1
27,土,1
28,士,1
29,才,1
30,下,1
31,寸,1
32,大,1
33,丈,1
34,与,1
35,万,1
36,上,1
37,小,1
38,口,1
39,山,1
40,巾,1
41,千,1
42,乞,1
43,川,1
44,亿,1
45,个,1
46,夕,1
47,久,1
48,么,1
49,勺,1
50,凡,1
51,丸,1
52,及,1
53,广,1
54,亡,1
55,门,1
56,义,1
57,之,1
58,尸,1
59,己,1
60,已,1
61,弓,1
62,子,1
63,卫,1
64,也,1
65,女,1
66,刃,1
67,飞,1
68,习,1
69,叉,1
70,马,1
71,乡,1
72,丰,1
73,王,1
74,开,1
75,井,1
76,天,1
77,夫,1
78,元,1
79,无,1
80,云,1
81,专,1
83,扎,1
84,艺,1
85,木,1
86,五,1
87,支,1
88,厅,1
89,不,1
90,犬,1
91,太,1
92,区,1
93,历,1
95,友,1
96,尤,1
97,匹,1
98,车,1
99,巨,1
100,牙,1
101,屯,1
103,比,1
104,互,1
105,切,1
106,瓦,1
107,止,1
108,少,1
109,日,1
110,中,1
111,贝,1
112,冈,1
113,内,1
114,水,1
115,见,1
116,午,1
117,牛,1
118,手,1
119,气,1
120,毛,1
121,升,1
123,长,1
124,仁,1
125,什,1
126,片,1
127,仆,1
128,化,1
129,仇,1
130,币,1
131,仍,1
132,仅,1
133,斤,1
134,爪,1
135,反,1
136,介,1
137,父,1
138,从,1
140,今,1
141,凶,1
142,分,1
143,乏,1
144,公,1
145,仓,1
146,月,1
147,氏,1
148,勿,1
149,欠,1
150,风,1
151,丹,1
152,匀,1
153,乌,1
154,勾,1
155,凤,1
156,六,1
157,文,1
158,方,1
159,火,1
160,为,1
161,斗,1
162,忆,1
163,计,1
164,订,1
165,户,1
166,认,1
169,心,1
170,尺,1
171,引,1
172,丑,1
173,巴,1
174,孔,1
175,队,1
176,办,1
177,以,1
178,允,1
179,予,1
181,劝,1
182,双,1
183,书,1
184,幻,1
185,玉,1
186,刊,1
187,未,1
188,末,1
189,示,1
190,击,1
191,打,1
192,巧,1
193,正,1
194,扑,1
195,扒,1
196,功,1
197,扔,1
198,去,1
199,甘,1
200,世,1
202,古,1
203,节,1
204,本,1
205,术,1
206,可,1
207,丙,1
208,左,1
209,厉,1
210,石,1
211,右,1
212,布,1
214,龙,1
215,平,1
216,灭,1
217,轧,1
218,东,1
219,卡,1
220,北,1
221,占,1
224,业,1
225,旧,1
226,帅,1
227,归,1
228,旦,1
229,目,1
230,且,1
231,叶,1
232,甲,1
233,申,1
234,叮,1
235,电,1
236,号,1
237,田,1
238,由,1
239,只,1
241,史,1
242,央,1
243,兄,1
245,叼,1
246,叫,1
247,叨,1
248,另,1
249,叹,1
253,四,1
254,生,1
256,失,1
258,禾,1
259,丘,1
260,付,1
261,仗,1
262,代,1
263,仙,1
264,们,1
265,仪,1
266,白,1
267,仔,1
268,他,1
269,斥,1
270,瓜,1
271,乎,1
272,丛,1
273,令,1
274,用,1
275,甩,1
276,印,1
278,乐,1
279,句,1
280,匆,1
281,册,1
282,犯,1
283,外,1
284,处,1
285,冬,1
286,鸟,1
287,务,1
288,包,1
289,饥,1
290,主,1
291,市,1
292,立,1
295,闪,1
296,兰,1
297,半,1
298,汁,1
299,汇,1
300,头,1
301,汉,1
302,宁,1
303,穴,1
304,它,1
305,讨,1
306,写,1
307,让,1
308,礼,1
309,训,1
310,议,1
311,必,1
312,讯,1
313,记,1
314,永,1
315,司,1
316,尼,1
317,民,1
318,出,1
319,辽,1
320,奶,1
321,奴,1
322,召,1
323,加,1
324,皮,1
325,边,1
326,孕,1
327,发,1
328,圣,1
329,对,1
330,台,1
331,矛,1
332,纠,1
333,母,1
334,幼,1
335,丝,1
337,式,1
339,刑,1
341,动,1
342,扛,1
343,寺,1
344,吉,1
345,扣,1
346,考,1
347,托,1
348,老,1
349,巩,1
350,圾,1
351,执,1
352,扩,1
353,扫,1
354,地,1
355,场,1
356,扬,1
357,耳,1
359,共,1
361,芒,1
362,亚,1
363,芝,1
364,朽,1
365,朴,1
366,机,1
367,权,1
368,过,1
369,臣,1
371,再,1
372,协,1
373,西,1
374,压,1
375,厌,1
376,在,1
377,百,1
378,有,1
379,存,1
380,而,1
381,页,1
382,匠,1
383,夸,1
384,夺,1
385,灰,1
386,达,1
387,列,1
388,死,1
389,成,1
390,夹,1
392,轨,1
393,邪,1
394,划,1
395,迈,1
396,毕,1
397,至,1
398,此,1
399,贞,1
400,师,1
401,尘,1
402,尖,1
403,劣,1
404,光,1
405,当,1
406,早,1
408,吐,1
409,吓,1
410,虫,1
411,曲,1
412,团,1
414,同,1
415,吊,1
416,吃,1
417,因,1
418,吸,1
419,吗,1
421,屿,1
423,岁,1
424,帆,1
425,回,1
426,岂,1
427,则,1
428,刚,1
429,网,1
430,肉,1
431,年,1
432,朱,1
433,先,1
434,丢,1
436,舌,1
437,竹,1
438,迁,1
439,乔,1
441,伟,1
442,传,1
443,乒,1
444,乓,1
445,休,1
446,伍,1
447,伏,1
448,优,1
450,伐,1
451,延,1
453,件,1
454,任,1
455,伤,1
456,价,1
458,份,1
459,华,1
460,仰,1
461,仿,1
462,伙,1
463,伪,1
464,自,1
466,血,1
467,向,1
468,似,1
469,后,1
470,行,1
471,舟,1
472,全,1
473,会,1
474,杀,1
475,合,1
476,兆,1
477,企,1
478,众,1
479,爷,1
480,伞,1
481,创,1
482,肌,1
484,朵,1
485,杂,1
486,危,1
487,旬,1
488,旨,1
490,负,1
492,名,1
493,各,1
494,多,1
496,争,1
497,色,1
498,壮,1
499,冲,1
501,冰,1
502,庄,1
503,庆,1
504,亦,1
505,刘,1
506,齐,1
507,交,1
508,衣,1
509,次,1
510,产,1
511,决,1
513,充,1
514,妄,1
515,闭,1
516,问,1
517,闯,1
518,羊,1
519,并,1
520,关,1
521,米,1
522,灯,1
523,州,1
524,汗,1
525,污,1
526,江,1
528,池,1
529,汤,1
530,忙,1
531,兴,1
532,宇,1
533,守,1
534,宅,1
535,字,1
536,安,1
537,讲,1
539,军,1
541,许,1
543,论,1
545,农,1
546,讽,1
547,设,1
548,访,1
550,寻,1
551,那,1
552,迅,1
553,尽,1
554,导,1
555,异,1
558,孙,1
559,阵,1
560,阳,1
561,收,1
562,阶,1
563,阴,1
564,防,1
565,奸,1
566,如,1
567,妇,1
568,好,1
569,她,1
570,妈,1
571,戏,1
572,羽,1
573,观,1
574,欢,1
575,买,1
576,红,1
578,纤,1
580,约,1
581,级,1
582,纪,1
583,驰,1
585,巡,1
586,寿,1
587,弄,1
588,麦,1
591,形,1
592,进,1
593,戒,1
594,吞,1
595,远,1
596,违,1
598,运,1
599,扶,1
600,抚,1
601,坛,1
602,技,1
603,坏,1
605,扰,1
607,拒,1
608,找,1
609,批,1
610,址,1
611,扯,1
612,走,1
613,抄,1
614,贡,1
616,坝,1
617,攻,1
618,赤,1
619,折,1
620,抓,1
623,扮,1
624,抢,1
625,孝,1
627,均,1
630,抛,1
631,投,1
632,坟,1
633,坑,1
634,抗,1
635,坊,1
636,抖,1
637,护,1
638,壳,1
639,志,1
640,块,1
641,扭,1
642,声,1
643,把,1
644,报,1
646,却,1
648,劫,1
652,芽,1
653,花,1
654,芹,1
656,芬,1
657,苍,1
658,芳,1
659,严,1
660,芦,1
662,劳,1
663,克,1
665,苏,1
666,杆,1
667,杠,1
668,杜,1
669,材,1
670,村,1
672,杏,1
675,极,1
676,李,1
677,杨,1
679,求,1
682,更,1
683,束,1
684,豆,1
685,两,1
686,丽,1
687,医,1
688,辰,1
689,励,1
690,否,1
691,还,1
692,歼,1
693,来,1
694,连,1
696,步,1
698,坚,1
700,旱,1
701,盯,1
702,呈,1
703,时,1
704,吴,1
705,助,1
706,县,1
707,里,1
708,呆,1
712,园,1
713,旷,1
714,围,1
715,呀,1
716,吨,1
717,足,1
718,邮,1
719,男,1
720,困,1
721,吵,1
722,串,1
723,员,1
725,听,1
727,吩,1
730,吹,1
731,呜,1
733,吧,1
735,吼,1
737,别,1
740,岗,1
741,帐,1
742,财,1
743,针,1
744,钉,1
746,告,1
747,我,1
748,乱,1
749,利,1
750,秃,1
751,秀,1
752,私,1
753,每,1
754,兵,1
755,估,1
756,体,1
757,何,1
759,但,1
760,伸,1
762,作,1
763,伯,1
764,伶,1
765,佣,1
766,低,1
767,你,1
768,住,1
769,位,1
770,伴,1
771,身,1
772,皂,1
774,佛,1
776,近,1
777,彻,1
778,役,1
779,返,1
780,余,1
781,希,1
782,坐,1
783,谷,1
784,妥,1
785,含,1
786,邻,1
787,岔,1
788,肝,1
790,肚,1
792,肠,1
793,龟,1
795,免,1
796,狂,1
797,犹,1
799,角,1
800,删,1
802,条,1
804,卵,1
806,岛,1
808,迎,1
809,饭,1
810,饮,1
811,系,1
812,言,1
813,冻,1
814,状,1
815,亩,1
816,况,1
817,床,1
818,库,1
820,疗,1
822,应,1
823,这,1
824,冷,1
826,序,1
827,辛,1
828,弃,1
829,冶,1
830,忘,1
832,闲,1
833,间,1
834,闷,1
835,判,1
837,灶,1
838,灿,1
840,弟,1
841,汪,1
846,沙,1
847,汽,1
848,沃,1
851,泛,1
853,没,1
854,沟,1
856,沈,1
857,沉,1
858,怀,1
859,忧,1
861,快,1
862,完,1
863,宋,1
864,宏,1
865,牢,1
866,究,1
867,穷,1
868,灾,1
869,良,1
870,证,1
871,启,1
872,评,1
873,补,1
874,初,1
875,社,1
877,识,1
879,诉,1
881,诊,1
882,词,1
883,译,1
884,君,1
885,灵,1
886,即,1
887,层,1
889,尿,1
890,尾,1
891,迟,1
892,局,1
893,改,1
894,张,1
895,忌,1
896,际,1
897,陆,1
898,阿,1
899,陈,1
900,阻,1
901,附,1
904,妙,1
905,妖,1
907,妨,1
909,努,1
910,忍,1
911,劲,1
912,鸡,1
914,驱,1
915,纯,1
916,纱,1
917,纲,1
918,纳,1
919,驳,1
920,纵,1
921,纷,1
922,纸,1
923,纹,1
924,纺,1
925,驴,1
926,纽,1
927,奉,1
928,玩,1
929,环,1
930,武,1
931,青,1
932,责,1
933,现,1
935,表,1
936,规,1
937,抹,1
942,拢,1
943,拔,1
945,拣,1
946,坦,1
947,担,1
949,押,1
950,抽,1
951,拐,1
952,拖,1
953,者,1
954,拍,1
955,顶,1
956,拆,1
957,拥,1
958,抵,1
959,拘,1
960,势,1
961,抱,1
963,垃,1
964,拉,1
965,拦,1
966,幸,1
967,拌,1
971,招,1
972,坡,1
973,披,1
974,拨,1
975,择,1
976,抬,1
979,其,1
980,取,1
982,苦,1
985,若,1
986,茂,1
987,苹,1
989,苗,1
990,英,1
993,范,1
994,直,1
996,茄,1
997,茎,1
999,茅,1
1001,林,1
1002,枝,1
1003,杯,1
1005,柜,1
1007,析,1
1008,板,1
1009,松,1
1010,枪,1
1012,构,1
1014,杰,1
1015,述,1
1016,枕,1
1017,丧,1
1018,或,1
1019,画,1
1020,卧,1
1021,事,1
1022,刺,1
1023,枣,1
1024,雨,1
1025,卖,1
1028,矿,1
1029,码,1
1030,厕,1
1032,奔,1
1033,奇,1
1035,奋,1
1036,态,1
1037,欧,1
1039,垄,1
1040,妻,1
1041,轰,1
1042,顷,1
1043,转,1
1044,斩,1
1045,轮,1
1046,软,1
1047,到,1
1048,非,1
1049,叔,1
1051,肯,1
1052,齿,1
1053,些,1
1055,虎,1
1056,虏,1
1057,肾,1
1058,贤,1
1059,尚,1
1060,旺,1
1061,具,1
1063,味,1
1064,果,1
1065,昆,1
1066,国,1
1069,昌,1
1071,畅,1
1072,明,1
1073,易,1
1075,昂,1
1076,典,1
1077,固,1
1078,忠,1
1081,咐,1
1082,呼,1
1083,鸣,1
1085,咏,1
1086,呢,1
1088,岸,1
1089,岩,1
1090,帖,1
1091,罗,1
1092,帜,1
1094,岭,1
1095,凯,1
1096,败,1
1098,贩,1
1100,购,1
1102,图,1
1103,钓,1
1104,制,1
1105,知,1
1107,垂,1
1108,牧,1
1109,物,1
1110,乖,1
1111,刮,1
1112,秆,1
1113,和,1
1114,季,1
1115,委,1
1117,佳,1
1118,侍,1
1120,供,1
1121,使,1
1122,例,1
1125,版,1
1126,侄,1
1127,侦,1
1129,侧,1
1130,凭,1
1131,侨,1
1132,佩,1
1133,货,1
1135,依,1
1137,的,1
1138,迫,1
1139,质,1
1140,欣,1
1141,征,1
1142,往,1
1143,爬,1
1144,彼,1
1145,径,1
1146,所,1
1147,舍,1
1148,金,1
1151,命,1
1153,斧,1
1154,爸,1
1155,采,1
1157,受,1
1158,乳,1
1159,贪,1
1160,念,1
1161,贫,1
1164,肤,1
1165,肺,1
1166,肢,1
1167,肿,1
1168,胀,1
1169,朋,1
1170,股,1
1173,肥,1
1174,服,1
1175,胁,1
1176,周,1
1177,昏,1
1178,鱼,1
1179,兔,1
1180,狐,1
1181,忽,1
1182,狗,1
1184,备,1
1185,饰,1
1186,饱,1
1187,饲,1
1188,变,1
1189,京,1
1190,享,1
1192,店,1
1193,夜,1
1194,庙,1
1195,府,1
1196,底,1
1200,剂,1
1202,郊,1
1203,废,1
1204,净,1
1205,盲,1
1206,放,1
1207,刻,1
1208,育,1
1210,闸,1
1211,闹,1
1212,郑,1
1213,券,1
1214,卷,1
1215,单,1
1217,炒,1
1218,炊,1
1219,炕,1
1220,炎,1
1221,炉,1
1222,沫,1
1223,浅,1
1224,法,1
1225,泄,1
1227,河,1
1228,沾,1
1229,泪,1
1231,油,1
1232,泊,1
1233,沿,1
1234,泡,1
1235,注,1
1238,泻,1
1240,泳,1
1241,泥,1
1242,沸,1
1244,波,1
1245,泼,1
1246,泽,1
1247,治,1
1250,怖,1
1251,性,1
1252,怕,1
1253,怜,1
1254,怪,1
1255,学,1
1256,宝,1
1257,宗,1
1258,定,1
1260,宜,1
1261,审,1
1262,宙,1
1263,官,1
1264,空,1
1265,帘,1
1267,实,1
1268,试,1
1269,郎,1
1270,诗,1
1271,肩,1
1272,房,1
1273,诚,1
1274,衬,1
1275,衫,1
1277,视,1
1279,话,1
1280,诞,1
1282,询,1
1283,该,1
1284,详,1
1285,建,1
1286,肃,1
1287,录,1
1288,隶,1
1291,居,1
1292,届,1
1293,刷,1
1294,屈,1
1297,弦,1
1298,承,1
1299,孟,1
1302,孤,1
1303,陕,1
1304,降,1
1306,限,1
1307,妹,1
1308,姑,1
1309,姐,1
1310,姓,1
1311,始,1
1314,驾,1
1316,参,1
1317,艰,1
1318,线,1
1319,练,1
1320,组,1
1322,细,1
1323,驶,1
1324,织,1
1326,终,1
1327,驻,1
1329,驼,1
1330,绍,1
1332,经,1
1333,贯,1
1336,奏,1
1337,春,1
1338,帮,1
1340,珍,1
1343,玻,1
1344,毒,1
1345,型,1
1347,挂,1
1348,封,1
1349,持,1
1352,项,1
1353,垮,1
1354,挎,1
1355,城,1
1357,挠,1
1358,政,1
1359,赴,1
1360,赵,1
1361,挡,1
1362,挺,1
1363,括,1
1365,拴,1
1366,拾,1
1367,挑,1
1369,指,1
1370,垫,1
1371,挣,1
1372,挤,1
1373,拼,1
1374,挖,1
1375,按,1
1376,挥,1
1377,挪,1
1379,某,1
1380,甚,1
1383,革,1
1385,荐,1
1386,巷,1
1388,带,1
1389,草,1
1390,茧,1
1394,茶,1
1396,荒,1
1397,茫,1
1398,荡,1
1399,荣,1
1402,故,1
1403,胡,1
1405,南,1
1406,药,1
1407,标,1
1410,枯,1
1411,柄,1
1412,栋,1
1413,相,1
1414,查,1
1415,柏,1
1417,柳,1
1418,柱,1
1419,柿,1
1420,栏,1
1423,树,1
1425,要,1
1427,咸,1
1428,威,1
1429,歪,1
1430,研,1
1431,砖,1
1432,厘,1
1433,厚,1
1434,砌,1
1438,砍,1
1439,面,1
1440,耐,1
1441,耍,1
1442,牵,1
1444,残,1
1445,殃,1
1447,轻,1
1448,鸦,1
1449,皆,1
1451,背,1
1452,战,1
1453,点,1
1455,临,1
1456,览,1
1457,竖,1
1458,省,1
1459,削,1
1460,尝,1
1463,是,1
1464,盼,1
1465,眨,1
1466,哄,1
1467,哑,1
1468,显,1
1469,冒,1
1470,映,1
1471,星,1
1472,昨,1
1476,畏,1
1477,趴,1
1478,胃,1
1479,贵,1
1480,界,1
1481,虹,1
1482,虾,1
1483,蚁,1
1484,思,1
1485,蚂,1
1487,虽,1
1488,品,1
1489,咽,1
1490,骂,1
1492,哗,1
1493,咱,1
1494,响,1
1495,哈,1
1497,咬,1
1498,咳,1
1500,哪,1
1502,炭,1
1503,峡,1
1504,罚,1
1505,贱,1
1506,贴,1
1507,骨,1
1511,钞,1
1512,钟,1
1513,钢,1
1515,钥,1
1518,钩,1
1520,卸,1
1521,缸,1
1522,拜,1
1523,看,1
1524,矩,1
1527,怎,1
1528,牲,1
1529,选,1
1530,适,1
1532,秒,1
1533,香,1
1534,种,1
1535,秋,1
1536,科,1
1537,重,1
1538,复,1
1539,竿,1
1540,段,1
1541,便,1
1542,俩,1
1543,贷,1
1544,顺,1
1545,修,1
1547,保,1
1548,促,1
1551,侮,1
1552,俭,1
1553,俗,1
1554,俘,1
1555,信,1
1556,皇,1
1557,泉,1
1558,鬼,1
1559,侵,1
1561,追,1
1562,俊,1
1563,盾,1
1564,待,1
1567,律,1
1568,很,1
1569,须,1
1570,叙,1
1571,剑,1
1572,逃,1
1573,食,1
1574,盆,1
1577,胆,1
1578,胜,1
1579,胞,1
1580,胖,1
1581,脉,1
1583,勉,1
1584,狭,1
1585,狮,1
1586,独,1
1588,狡,1
1589,狱,1
1590,狠,1
1591,贸,1
1592,怨,1
1593,急,1
1595,饶,1
1596,蚀,1
1597,饺,1
1598,饼,1
1600,弯,1
1601,将,1
1602,奖,1
1603,哀,1
1604,亭,1
1605,亮,1
1606,度,1
1608,迹,1
1609,庭,1
1610,疮,1
1611,疯,1
1612,疫,1
1613,疤,1
1615,姿,1
1616,亲,1
1617,音,1
1619,帝,1
1620,施,1
1622,闻,1
1624,阀,1
1625,阁,1
1626,差,1
1627,养,1
1628,美,1
1629,姜,1
1630,叛,1
1631,送,1
1632,类,1
1633,迷,1
1636,前,1
1637,首,1
1638,逆,1
1639,总,1
1640,炼,1
1641,炸,1
1643,炮,1
1645,烂,1
1646,剃,1
1648,洁,1
1649,洪,1
1650,洒,1
1652,浇,1
1653,浊,1
1654,洞,1
1655,测,1
1656,洗,1
1657,活,1
1659,派,1
1660,洽,1
1661,染,1
1663,济,1
1664,洋,1
1665,洲,1
1666,浑,1
1667,浓,1
1668,津,1
1670,恒,1
1671,恢,1
1675,恰,1
1676,恼,1
1677,恨,1
1678,举,1
1679,觉,1
1680,宣,1
1682,室,1
1683,宫,1
1684,宪,1
1685,突,1
1686,穿,1
1687,窃,1
1688,客,1
1690,冠,1
1692,语,1
1693,扁,1
1694,袄,1
1695,祖,1
1696,神,1
1697,祝,1
1699,误,1
1700,诱,1
1702,说,1
1703,诵,1
1704,垦,1
1705,退,1
1706,既,1
1707,屋,1
1708,昼,1
1711,费,1
1712,陡,1
1714,眉,1
1715,孩,1
1717,除,1
1718,险,1
1719,院,1
1720,娃,1
1721,姥,1
1722,姨,1
1723,姻,1
1724,娇,1
1727,怒,1
1728,架,1
1729,贺,1
1730,盈,1
1731,勇,1
1732,怠,1
1734,柔,1
1735,垒,1
1736,绑,1
1737,绒,1
1738,结,1
1739,绕,1
1740,骄,1
1741,绘,1
1742,给,1
1743,骆,1
1744,络,1
1745,绝,1
1746,绞,1
1748,统,1
1749,耕,1
1751,耗,1
1753,艳,1
1754,泰,1
1756,珠,1
1757,班,1
1758,素,1
1760,蚕,1
1761,顽,1
1762,盏,1
1763,匪,1
1764,捞,1
1765,栽,1
1766,捕,1
1769,振,1
1770,载,1
1771,赶,1
1772,起,1
1773,盐,1
1774,捎,1
1776,捏,1
1777,埋,1
1778,捉,1
1779,捆,1
1780,捐,1
1781,损,1
1784,都,1
1785,哲,1
1786,逝,1
1787,捡,1
1789,换,1
1790,挽,1
1792,热,1
1793,恐,1
1795,壶,1
1798,挨,1
1799,耻,1
1801,耽,1
1804,恭,1
1807,莲,1
1808,莫,1
1810,荷,1
1811,获,1
1812,晋,1
1813,恶,1
1816,真,1
1817,框,1
1819,桂,1
1821,档,1
1822,桐,1
1823,株,1
1824,桥,1
1827,桃,1
1829,格,1
1831,校,1
1832,核,1
1833,样,1
1834,根,1
1835,索,1
1836,哥,1
1837,速,1
1838,逗,1
1839,栗,1
1842,配,1
1843,翅,1
1844,辱,1
1845,唇,1
1846,夏,1
1850,础,1
1851,破,1
1852,原,1
1853,套,1
1854,逐,1
1855,烈,1
1856,殊,1
1858,顾,1
1859,轿,1
1860,较,1
1861,顿,1
1862,毙,1
1863,致,1
1864,柴,1
1865,桌,1
1866,虑,1
1867,监,1
1868,紧,1
1869,党,1
1871,晒,1
1872,眠,1
1873,晓,1
1876,鸭,1
1877,晃,1
1879,晌,1
1881,晕,1
1886,蚊,1
1889,哨,1
1892,哭,1
1893,恩,1
1895,唤,1
1899,啊,1
1900,唉,1
1902,罢,1
1904,峰,1
1905,圆,1
1907,贼,1
1908,贿,1
1911,钱,1
1912,钳,1
1913,钻,1
1915,铁,1
1916,铃,1
1917,铅,1
1919,缺,1
1920,氧,1
1922,特,1
1923,牺,1
1924,造,1
1925,乘,1
1926,敌,1
1928,秤,1
1929,租,1
1930,积,1
1931,秧,1
1932,秩,1
1933,称,1
1934,秘,1
1935,透,1
1936,笔,1
1937,笑,1
1938,笋,1
1940,债,1
1941,借,1
1942,值,1
1943,倚,1
1945,倾,1
1946,倒,1
1947,倘,1
1948,俱,1
1949,倡,1
1950,候,1
1952,俯,1
1953,倍,1
1954,倦,1
1955,健,1
1956,臭,1
1957,射,1
1958,躬,1
1959,息,1
1961,徒,1
1962,徐,1
1964,舰,1
1965,舱,1
1966,般,1
1967,航,1
1968,途,1
1969,拿,1
1971,爹,1
1973,爱,1
1977,颂,1
1978,翁,1
1981,脆,1
1982,脂,1
1983,胸,1
1984,胳,1
1985,脏,1
1987,胶,1
1988,脑,1
1991,狸,1
1992,狼,1
1994,逢,1
1996,留,1
1998,皱,1
1999,饿,1
2003,恋,1
2004,桨,1
2005,浆,1
2006,衰,1
2008,高,1
2010,席,1
2011,准,1
2012,座,1
2013,症,1
2014,病,1
2015,疾,1
2018,疼,1
2019,疲,1
2020,脊,1
2021,效,1
2022,离,1
2024,唐,1
2026,资,1
2027,凉,1
2028,站,1
2029,剖,1
2030,竞,1
2031,部,1
2032,旁,1
2033,旅,1
2034,畜,1
2035,阅,1
2036,羞,1
2038,瓶,1
2039,拳,1
2040,粉,1
2041,料,1
2042,益,1
2043,兼,1
2044,烤,1
2045,烘,1
2046,烦,1
2047,烧,1
2048,烛,1
2049,烟,1
2051,递,1
2052,涛,1
2053,浙,1
2054,涝,1
2056,酒,1
2057,涉,1
2058,消,1
2060,浩,1
2061,海,1
2062,涂,1
2063,浴,1
2064,浮,1
2067,流,1
2068,润,1
2071,浪,1
2072,浸,1
2073,涨,1
2074,烫,1
2076,涌,1
2077,悟,1
2078,悄,1
2080,悔,1
2082,悦,1
2083,害,1
2084,宽,1
2085,家,1
2086,宵,1
2087,宴,1
2088,宾,1
2090,窄,1
2091,容,1
2092,宰,1
2093,案,1
2094,请,1
2095,朗,1
2096,诸,1
2098,读,1
2099,扇,1
2101,袜,1
2103,袖,1
2104,袍,1
2105,被,1
2106,祥,1
2107,课,1
2108,谁,1
2109,调,1
2110,冤,1
2111,谅,1
2113,谈,1
2114,谊,1
2115,剥,1
2116,恳,1
2117,展,1
2118,剧,1
2119,屑,1
2120,弱,1
2121,陵,1
2123,陶,1
2124,陷,1
2125,陪,1
2126,娱,1
2129,娘,1
2130,通,1
2131,能,1
2132,难,1
2133,预,1
2134,桑,1
2135,绢,1
2136,绣,1
2137,验,1
2138,继,1
2140,球,1
2142,理,1
2146,捧,1
2147,堵,1
2149,描,1
2150,域,1
2152,掩,1
2153,捷,1
2154,排,1
2155,掉,1
2158,推,1
2159,堆,1
2161,掀,1
2162,授,1
2164,教,1
2165,掏,1
2167,掠,1
2170,培,1
2171,接,1
2174,控,1
2175,探,1
2176,据,1
2177,掘,1
2179,职,1
2180,基,1
2184,著,1
2186,勒,1
2187,黄,1
2189,萌,1
2190,萝,1
2191,菌,1
2193,菜,1
2194,萄,1
2195,菊,1
2197,萍,1
2198,菠,1
2200,营,1
2205,械,1
2207,梦,1
2210,梢,1
2211,梅,1
2212,检,1
2213,梳,1
2214,梯,1
2215,桶,1
2217,救,1
2219,副,1
2220,票,1
2224,戚,1
2229,爽,1
2230,聋,1
2231,袭,1
2232,盛,1
2234,雪,1
2235,辅,1
2236,辆,1
2238,虚,1
2240,雀,1
2241,堂,1
2242,常,1
2244,匙,1
2246,晨,1
2247,睁,1
2248,眯,1
2249,眼,1
2250,悬,1
2251,野,1
2252,啦,1
2256,晚,1
2257,啄,1
2260,距,1
2263,跃,1
2264,略,1
2269,蛇,1
2271,累,1
2272,唱,1
2273,患,1
2276,唯,1
2280,崖,1
2282,崭,1
2286,崇,1
2289,圈,1
2293,铜,1
2297,铲,1
2298,银,1
2300,甜,1
2302,梨,1
2303,犁,1
2305,移,1
2306,笨,1
2307,笼,1
2308,笛,1
2310,符,1
2311,第,1
2313,敏,1
2314,做,1
2315,袋,1
2316,悠,1
2317,偿,1
2318,偶,1
2321,偷,1
2322,您,1
2323,售,1
2324,停,1
2325,偏,1
2328,假,1
2332,得,1
2333,衔,1
2334,盘,1
2336,船,1
2339,斜,1
2340,盒,1
2341,鸽,1
2343,悉,1
2344,欲,1
2345,彩,1
2346,领,1
2348,脚,1
2349,脖,1
2351,脸,1
2352,脱,1
2353,象,1
2354,够,1
2356,猜,1
2357,猪,1
2358,猎,1
2359,猫,1
2362,猛,1
2364,馅,1
2365,馆,1
2366,凑,1
2367,减,1
2368,毫,1
2371,麻,1
2374,痒,1
2375,痕,1
2376,廊,1
2377,康,1
2378,庸,1
2379,鹿,1
2380,盗,1
2381,章,1
2382,竟,1
2383,商,1
2384,族,1
2385,旋,1
2386,望,1
2387,率,1
2390,着,1
2391,盖,1
2393,粘,1
2394,粗,1
2395,粒,1
2396,断,1
2397,剪,1
2398,兽,1
2401,清,1
2402,添,1
2404,淋,1
2406,淹,1
2407,渠,1
2408,渐,1
2411,混,1
2416,渔,1
2417,淘,1
2419,液,1
2421,淡,1
2423,深,1
2426,婆,1
2427,梁,1
2428,渗,1
2429,情,1
2430,惜,1
2431,惭,1
2432,悼,1
2433,惧,1
2434,惕,1
2435,惊,1
2439,惨,1
2440,惯,1
2441,寇,1
2442,寄,1
2444,宿,1
2446,窑,1
2447,密,1
2448,谋,1
2450,谎,1
2455,祸,1
2459,谜,1
2460,逮,1
2461,敢,1
2463,屠,1
2464,弹,1
2466,随,1
2467,蛋,1
2469,隆,1
2470,隐,1
2471,婚,1
2472,婶,1
2475,颈,1
2476,绩,1
2477,绪,1
2478,续,1
2479,骑,1
2481,绳,1
2482,维,1
2483,绵,1
2485,绸,1
2488,绿,1
2491,琴,1
2495,斑,1
2496,替,1
2498,款,1
2499,堪,1
2500,塔,1
2501,搭,1
2504,越,1
2505,趁,1
2506,趋,1
2507,超,1
2509,堤,1
2510,提,1
2512,博,1
2513,揭,1
2514,喜,1
2517,插,1
2518,揪,1
2519,搜,1
2520,煮,1
2521,援,1
2523,裁,1
2524,搁,1
2526,搂,1
2527,搅,1
2529,握,1
2531,揉,1
2532,斯,1
2533,期,1
2534,欺,1
2535,联,1
2537,散,1
2538,惹,1
2539,葬,1
2541,葛,1
2542,董,1
2543,葡,1
2544,敬,1
2545,葱,1
2548,落,1
2550,朝,1
2551,辜,1
2552,葵,1
2553,棒,1
2555,棋,1
2557,植,1
2558,森,1
2560,椅,1
2561,椒,1
2562,棵,1
2563,棍,1
2565,棉,1
2566,棚,1
2567,棕,1
2571,惠,1
2572,惑,1
2573,逼,1
2578,厨,1
2579,厦,1
2580,硬,1
2582,确,1
2584,雁,1
2585,殖,1
2586,裂,1
2587,雄,1
2590,暂,1
2591,雅,1
2593,辈,1
2594,悲,1
2595,紫,1
2597,辉,1
2598,敞,1
2600,赏,1
2601,掌,1
2602,晴,1
2603,暑,1
2604,最,1
2606,量,1
2608,喷,1
2610,晶,1
2611,喇,1
2612,遇,1
2613,喊,1
2616,景,1
2618,践,1
2620,跌,1
2621,跑,1
2623,遗,1
2624,蛙,1
2626,蛛,1
2627,蜓,1
2630,喝,1
2632,喂,1
2633,喘,1
2634,喉,1
2639,幅,1
2640,帽,1
2642,赌,1
2645,赔,1
2646,黑,1
2647,铸,1
2648,铺,1
2649,链,1
2650,销,1
2651,锁,1
2652,锄,1
2653,锅,1
2654,锈,1
2656,锋,1
2658,锐,1
2661,短,1
2662,智,1
2664,毯,1
2666,鹅,1
2667,剩,1
2668,稍,1
2669,程,1
2670,稀,1
2672,税,1
2673,筐,1
2674,等,1
2675,筑,1
2676,策,1
2677,筛,1
2678,筒,1
2680,答,1
2681,筋,1
2682,筝,1
2683,傲,1
2684,傅,1
2686,牌,1
2687,堡,1
2688,集,1
2689,焦,1
2690,傍,1
2691,储,1
2693,奥,1
2694,街,1
2695,惩,1
2696,御,1
2697,循,1
2698,艇,1
2699,舒,1
2701,番,1
2702,释,1
2703,禽,1
2704,腊,1
2706,脾,1
2708,腔,1
2710,鲁,1
2713,猾,1
2714,猴,1
2716,然,1
2717,馋,1
2718,装,1
2719,蛮,1
2720,就,1
2725,痛,1
2726,童,1
2728,阔,1
2729,善,1
2731,羡,1
2732,普,1
2733,粪,1
2734,尊,1
2736,道,1
2738,曾,1
2739,焰,1
2741,港,1
2743,湖,1
2745,渣,1
2748,湿,1
2749,温,1
2750,渴,1
2753,滑,1
2755,湾,1
2756,渡,1
2757,游,1
2758,滋,1
2759,溉,1
2760,愤,1
2761,慌,1
2762,惰,1
2765,愧,1
2766,愉,1
2767,慨,1
2768,割,1
2769,寒,1
2770,富,1
2772,窜,1
2773,窝,1
2775,窗,1
2777,遍,1
2779,裕,1
2780,裤,1
2781,裙,1
2782,谢,1
2783,谣,1
2785,谦,1
2787,属,1
2788,屡,1
2789,强,1
2790,粥,1
2791,疏,1
2792,隔,1
2793,隙,1
2796,絮,1
2797,嫂,1
2800,登,1
2803,缎,1
2804,缓,1
2807,骗,1
2808,编,1
2810,缘,1
2813,瑞,1
2815,魂,1
2816,肆,1
2817,摄,1
2818,摸,1
2819,填,1
2820,搏,1
2821,塌,1
2822,鼓,1
2823,摆,1
2824,携,1
2825,搬,1
2826,摇,1
2827,搞,1
2828,塘,1
2830,摊,1
2833,蒜,1
2834,勤,1
2837,鹊,1
2838,蓝,1
2839,墓,1
2840,幕,1
2842,蓬,1
2844,蓄,1
2847,蒙,1
2848,蒸,1
2849,献,1
2852,禁,1
2853,楚,1
2856,想,1
2858,槐,1
2859,榆,1
2860,楼,1
2861,概,1
2863,赖,1
2865,酬,1
2866,感,1
2867,碍,1
2869,碑,1
2872,碎,1
2873,碰,1
2874,碗,1
2875,碌,1
2876,雷,1
2877,零,1
2878,雾,1
2879,雹,1
2882,输,1
2883,督,1
2885,龄,1
2886,鉴,1
2887,睛,1
2891,睡,1
2892,睬,1
2894,鄙,1
2896,愚,1
2897,暖,1
2898,盟,1
2899,歇,1
2900,暗,1
2902,照,1
2904,跨,1
2906,跳,1
2908,跪,1
2909,路,1
2910,跟,1
2911,遣,1
2914,蛾,1
2915,蜂,1
2921,嗓,1
2923,置,1
2924,罪,1
2925,罩,1
2928,错,1
2930,锡,1
2931,锣,1
2932,锤,1
2934,锦,1
2937,键,1
2938,锯,1
2940,矮,1
2941,辞,1
2943,稠,1
2945,愁,1
2946,筹,1
2947,签,1
2948,简,1
2950,毁,1
2951,舅,1
2952,鼠,1
2953,催,1
2954,傻,1
2955,像,1
2956,躲,1
2959,微,1
2960,愈,1
2961,遥,1
2963,腰,1
2964,腥,1
2966,腹,1
2969,腾,1
2970,腿,1
2974,触,1
2975,解,1
2980,酱,1
2985,痰,1
2986,廉,1
2988,新,1
2989,韵,1
2990,意,1
2992,粮,1
2993,数,1
2994,煎,1
2995,塑,1
2996,慈,1
2997,煤,1
2998,煌,1
2999,满,1
3000,漠,1
3001,源,1
3002,滤,1
3003,滥,1
3004,滔,1
3005,溪,1
3006,溜,1
3008,滚,1
3011,滨,1
3015,粱,1
3016,滩,1
3017,慎,1
3018,誉,1
3019,塞,1
3024,谨,1
3027,福,1
3029,群,1
3030,殿,1
3031,辟,1
3032,障,1
3035,嫌,1
3036,嫁,1
3037,叠,1
3039,缝,1
3040,缠,1
3043,静,1
3044,碧,1
3045,璃,1
3048,墙,1
3049,嘉,1
3050,摧,1
3052,截,1
3053,誓,1
3054,境,1
3055,摘,1
3056,摔,1
3057,撇,1
3058,聚,1
3060,慕,1
3061,暮,1
3064,蔑,1
3066,蔽,1
3072,模,1
3073,榴,1
3074,榜,1
3075,榨,1
3077,歌,1
3078,遭,1
3080,酷,1
3081,酿,1
3082,酸,1
3087,磁,1
3088,愿,1
3089,需,1
3093,裳,1
3094,颗,1
3096,嗽,1
3099,蜻,1
3100,蜡,1
3101,蝇,1
3102,蜘,1
3106,赚,1
3107,锹,1
3108,锻,1
3110,舞,1
3112,稳,1
3116,算,1
3117,箩,1
3118,管,1
3121,僚,1
3123,鼻,1
3124,魄,1
3125,貌,1
3126,膜,1
3127,膊,1
3128,膀,1
3129,鲜,1
3130,疑,1
3132,馒,1
3133,裹,1
3134,敲,1
3135,豪,1
3136,膏,1
3137,遮,1
3138,腐,1
3141,瘦,1
3142,辣,1
3144,竭,1
3145,端,1
3146,旗,1
3147,精,1
3149,歉,1
3150,弊,1
3151,熄,1
3152,熔,1
3153,漆,1
3155,漂,1
3156,漫,1
3157,滴,1
3160,演,1
3161,漏,1
3162,慢,1
3164,寨,1
3165,赛,1
3167,察,1
3168,蜜,1
3173,谱,1
3175,嫩,1
3177,翠,1
3178,熊,1
3179,凳,1
3180,骡,1
3182,缩,1
3183,慧,1
3185,撕,1
3186,撒,1
3188,趣,1
3189,趟,1
3190,撑,1
3193,播,1
3196,撞,1
3197,撤,1
3198,增,1
3200,聪,1
3201,鞋,1
3203,蕉,1
3205,蔬,1
3207,横,1
3208,槽,1
3209,樱,1
3211,橡,1
3216,飘,1
3217,醋,1
3219,醉,1
3223,震,1
3224,霉,1
3225,瞒,1
3226,题,1
3227,暴,1
3228,瞎,1
3232,影,1
3233,踢,1
3234,踏,1
3235,踩,1
3236,踪,1
3237,蝶,1
3238,蝴,1
3245,嘱,1
3247,墨,1
3249,镇,1
3251,靠,1
3253,稻,1
3254,黎,1
3255,稿,1
3256,稼,1
3257,箱,1
3259,箭,1
3260,篇,1
3261,僵,1
3262,躺,1
3263,僻,1
3264,德,1
3265,艘,1
3266,膝,1
3268,膛,1
3271,熟,1
3272,摩,1
3278,颜,1
3279,毅,1
3280,糊,1
3281,遵,1
3283,潜,1
3285,潮,1
3293,懂,1
3297,额,1
3303,慰,1
3304,劈,1
3311,操,1
3313,燕,1
3315,薯,1
3319,薪,1
3320,薄,1
3321,颠,1
3326,橘,1
3327,整,1
3328,融,1
3330,醒,1
3336,餐,1
3337,嘴,1
3339,蹄,1
3344,器,1
3347,赠,1
3348,默,1
3350,镜,1
3351,赞,1
3353,篮,1
3359,邀,1
3360,衡,1
3361,膨,1
3363,雕,1
3365,磨,1
3368,凝,1
3369,辨,1
3370,辩,1
3372,糖,1
3373,糕,1
3375,燃,1
3377,澡,1
3378,激,1
3379,懒,1
3383,壁,1
3384,避,1
3386,缴,1
3387,戴,1
3389,擦,1
3390,鞠,1
3391,藏,1
3399,霜,1
3400,霞,1
3402,瞧,1
3408,蹈,1
3409,螺,1
3415,穗,1
3418,繁,1
3427,辫,1
3428,赢,1
3429,糟,1
3430,糠,1
3431,燥,1
3435,臂,1
3436,翼,1
3437,骤,1
3439,鞭,1
3441,覆,1
3443,蹦,1
3445,镰,1
3446,翻,1
3448,鹰,1
3456,警,1
3459,攀,1
3460,蹲,1
3466,颤,1
3469,瓣,1
3472,爆,1
3473,疆,1
3475,壤,1
3477,耀,1
3478,躁,1
3480,嚼,1
3481,嚷,1
3483,籍,1
3485,魔,1
3487,灌,1
3489,蠢,1
3490,霸,1
3491,露,1
3496,囊,1
3499,罐,1
13,匕,2
16,刁,2
82,丐,2
94,歹,2
102,戈,2
122,夭,2
139,仑,2
167,冗,2
168,讥,2
180,邓,2
201,艾,2
213,夯,2
222,凸,2
223,卢,2
240,叭,2
244,叽,2
250,皿,2
251,凹,2
252,囚,2
255,矢,2
257,乍,2
277,尔,2
293,冯,2
294,玄,2
336,邦,2
338,迂,2
340,邢,2
358,芋,2
360,芍,2
370,吏,2
391,夷,2
407,吁,2
413,吕,2
420,吆,2
422,屹,2
435,廷,2
440,迄,2
449,臼,2
452,仲,2
457,伦,2
465,伊,2
483,肋,2
489,旭,2
491,匈,2
495,凫,2
500,妆,2
512,亥,2
527,汛,2
538,讳,2
540,讶,2
542,讹,2
544,讼,2
549,诀,2
556,弛,2
557,阱,2
577,驮,2
579,驯,2
584,纫,2
589,玖,2
590,玛,2
597,韧,2
604,抠,2
606,扼,2
615,汞,2
621,扳,2
622,抡,2
626,坎,2
628,坞,2
629,抑,2
645,拟,2
647,抒,2
649,芙,2
650,芜,2
651,苇,2
655,芥,2
661,芯,2
664,芭,2
671,杖,2
673,杉,2
674,巫,2
678,杈,2
680,甫,2
681,匣,2
695,轩,2
697,卤,2
699,肖,2
709,吱,2
710,吠,2
711,呕,2
724,呐,2
726,吟,2
728,呛,2
729,吻,2
732,吭,2
734,邑,2
736,囤,2
738,吮,2
739,岖,2
745,牡,2
758,佑,2
761,佃,2
773,伺,2
775,囱,2
789,肛,2
791,肘,2
794,甸,2
798,狈,2
801,鸠,2
803,彤,2
805,灸,2
807,刨,2
819,庇,2
821,吝,2
825,庐,2
831,闰,2
836,兑,2
839,灼,2
842,沐,2
843,沛,2
844,汰,2
845,沥,2
849,沦,2
850,汹,2
852,沧,2
855,沪,2
860,忱,2
876,诅,2
878,诈,2
880,罕,2
888,屁,2
902,坠,2
903,妓,2
906,姊,2
908,妒,2
913,纬,2
934,玫,2
938,卦,2
939,坷,2
940,坯,2
941,拓,2
944,坪,2
948,坤,2
962,拄,2
968,拧,2
969,拂,2
970,拙,2
977,拇,2
978,拗,2
981,茉,2
983,昔,2
984,苛,2
988,苫,2
991,苟,2
992,苞,2
995,茁,2
998,苔,2
1000,枉,2
1004,枢,2
1006,枚,2
1011,枫,2
1013,杭,2
1026,郁,2
1027,矾,2
1031,奈,2
1034,奄,2
1038,殴,2
1050,歧,2
1054,卓,2
1062,昙,2
1067,哎,2
1068,咕,2
1070,呵,2
1074,咙,2
1079,呻,2
1080,咒,2
1084,咆,2
1087,咖,2
1093,帕,2
1097,账,2
1099,贬,2
1101,贮,2
1106,氛,2
1116,秉,2
1119,岳,2
1123,侠,2
1124,侥,2
1128,侣,2
1134,侈,2
1136,卑,2
1149,刽,2
1150,刹,2
1152,肴,2
1156,觅,2
1162,忿,2
1163,瓮,2
1171,肮,2
1172,肪,2
1183,狞,2
1191,庞,2
1197,疟,2
1198,疙,2
1199,疚,2
1201,卒,2
1209,氓,2
1216,炬,2
1226,沽,2
1230,沮,2
1236,泣,2
1237,泞,2
1239,泌,2
1243,沼,2
1248,怔,2
1249,怯,2
1259,宠,2
1266,宛,2
1276,衩,2
1278,祈,2
1281,诡,2
1289,帚,2
1290,屉,2
1295,弧,2
1296,弥,2
1300,陋,2
1301,陌,2
1305,函,2
1312,姆,2
1313,虱,2
1315,叁,2
1321,绅,2
1325,驹,2
1328,绊,2
1331,绎,2
1334,契,2
1335,贰,2
1339,玷,2
1341,玲,2
1342,珊,2
1346,拭,2
1350,拷,2
1351,拱,2
1356,挟,2
1364,垢,2
1368,垛,2
1378,拯,2
1381,荆,2
1382,茸,2
1384,茬,2
1387,荚,2
1391,茵,2
1392,茴,2
1393,荞,2
1395,荠,2
1400,荤,2
1401,荧,2
1404,荔,2
1408,栈,2
1409,柑,2
1416,栅,2
1421,柠,2
1422,枷,2
1424,勃,2
1426,柬,2
1435,砂,2
1436,泵,2
1437,砚,2
1443,鸥,2
1446,轴,2
1450,韭,2
1454,虐,2
1461,昧,2
1462,盹,2
1473,咧,2
1474,昵,2
1475,昭,2
1486,盅,2
1491,勋,2
1496,哆,2
1499,咪,2
1501,哟,2
1508,幽,2
1509,钙,2
1510,钝,2
1514,钠,2
1516,钦,2
1517,钧,2
1519,钮,2
1525,毡,2
1526,氢,2
1531,秕,2
1546,俏,2
1549,俄,2
1550,俐,2
1560,侯,2
1565,徊,2
1566,衍,2
1575,胚,2
1576,胧,2
1582,胎,2
1587,狰,2
1594,饵,2
1599,峦,2
1607,奕,2
1614,咨,2
1618,飒,2
1621,闺,2
1623,闽,2
1634,籽,2
1635,娄,2
1642,烁,2
1644,炫,2
1647,洼,2
1651,柒,2
1658,涎,2
1662,洛,2
1669,恃,2
1672,恍,2
1673,恬,2
1674,恤,2
1681,宦,2
1689,诫,2
1691,诬,2
1698,祠,2
1701,诲,2
1709,屏,2
1710,屎,2
1713,逊,2
1716,陨,2
1725,姚,2
1726,娜,2
1733,蚤,2
1747,骇,2
1750,耘,2
1752,耙,2
1755,秦,2
1759,匿,2
1767,埂,2
1768,捂,2
1775,捍,2
1782,袁,2
1783,捌,2
1788,挫,2
1791,挚,2
1794,捣,2
1796,捅,2
1797,埃,2
1800,耿,2
1802,聂,2
1803,荸,2
1805,莽,2
1806,莱,2
1809,莉,2
1814,莹,2
1815,莺,2
1818,梆,2
1820,栖,2
1825,桦,2
1826,栓,2
1828,桅,2
1830,桩,2
1840,贾,2
1841,酌,2
1847,砸,2
1848,砰,2
1849,砾,2
1857,殉,2
1870,逞,2
1874,哮,2
1875,唠,2
1878,哺,2
1880,剔,2
1882,蚌,2
1883,蚜,2
1884,畔,2
1885,蚣,2
1887,蚪,2
1888,蚓,2
1890,哩,2
1891,圃,2
1894,鸯,2
1896,唁,2
1897,哼,2
1898,唧,2
1901,唆,2
1903,峭,2
1906,峻,2
1909,赂,2
1910,赃,2
1914,钾,2
1918,铆,2
1921,氨,2
1927,秫,2
1939,笆,2
1944,俺,2
1951,赁,2
1960,倔,2
1963,殷,2
1970,耸,2
1972,舀,2
1974,豺,2
1975,豹,2
1976,颁,2
1979,胯,2
1980,胰,2
1986,脐,2
1989,脓,2
1990,逛,2
1993,卿,2
1995,鸵,2
1997,鸳,2
2000,馁,2
2001,凌,2
2002,凄,2
2007,衷,2
2009,郭,2
2016,斋,2
2017,疹,2
2023,紊,2
2025,瓷,2
2037,羔,2
2050,烙,2
2055,浦,2
2059,涡,2
2065,涣,2
2066,涤,2
2069,涧,2
2070,涕,2
2075,涩,2
2079,悍,2
2081,悯,2
2089,窍,2
2097,诺,2
2100,诽,2
2102,袒,2
2112,谆,2
2122,祟,2
2127,恕,2
2128,娩,2
2139,骏,2
2141,琐,2
2143,麸,2
2144,琉,2
2145,琅,2
2148,措,2
2151,捺,2
2156,捶,2
2157,赦,2
2160,埠,2
2163,捻,2
2166,掐,2
2168,掂,2
2169,掖,2
2172,掷,2
2173,掸,2
2178,掺,2
2181,勘,2
2182,聊,2
2183,娶,2
2185,菱,2
2188,菲,2
2192,萎,2
2196,菩,2
2199,萤,2
2201,乾,2
2202,萧,2
2203,萨,2
2204,菇,2
2206,彬,2
2208,梗,2
2209,梧,2
2216,梭,2
2218,曹,2
2221,酝,2
2222,酗,2
2223,厢,2
2225,硅,2
2226,硕,2
2227,奢,2
2228,盔,2
2233,匾,2
2237,颅,2
2239,彪,2
2243,眶,2
2245,晤,2
2253,曼,2
2254,晦,2
2255,冕,2
2258,啡,2
2259,畦,2
2261,趾,2
2262,啃,2
2265,蛆,2
2266,蚯,2
2267,蛉,2
2268,蛀,2
2270,唬,2
2274,啰,2
2275,唾,2
2277,啤,2
2278,啥,2
2279,啸,2
2281,崎,2
2283,逻,2
2284,崔,2
2285,崩,2
2287,婴,2
2288,赊,2
2290,铐,2
2291,铛,2
2292,铝,2
2294,铡,2
2295,铣,2
2296,铭,2
2299,矫,2
2301,秸,2
2304,秽,2
2309,笙,2
2312,笤,2
2319,偎,2
2320,傀,2
2326,躯,2
2327,兜,2
2329,衅,2
2330,徘,2
2331,徙,2
2335,舶,2
2337,舷,2
2338,舵,2
2342,敛,2
2347,翎,2
2350,脯,2
2355,逸,2
2360,凰,2
2361,猖,2
2363,祭,2
2369,烹,2
2370,庶,2
2372,庵,2
2373,痊,2
2388,阎,2
2389,阐,2
2392,眷,2
2399,焊,2
2400,焕,2
2403,鸿,2
2405,涯,2
2409,淑,2
2410,淌,2
2412,淮,2
2413,淆,2
2414,渊,2
2415,淫,2
2418,淳,2
2420,淤,2
2422,淀,2
2424,涮,2
2425,涵,2
2436,惦,2
2437,悴,2
2438,惋,2
2443,寂,2
2445,窒,2
2449,谍,2
2451,谐,2
2452,裆,2
2453,袱,2
2454,祷,2
2456,谒,2
2457,谓,2
2458,谚,2
2462,尉,2
2465,堕,2
2468,隅,2
2473,婉,2
2474,颇,2
2480,绰,2
2484,绷,2
2486,综,2
2487,绽,2
2489,缀,2
2490,巢,2
2492,琳,2
2493,琢,2
2494,琼,2
2497,揍,2
2502,堰,2
2503,揩,2
2508,揽,2
2511,揖,2
2515,彭,2
2516,揣,2
2522,搀,2
2525,搓,2
2528,壹,2
2530,搔,2
2536,葫,2
2540,募,2
2546,蒋,2
2547,蒂,2
2549,韩,2
2554,棱,2
2556,椰,2
2559,焚,2
2564,椎,2
2568,棺,2
2569,榔,2
2570,椭,2
2574,粟,2
2575,棘,2
2576,酣,2
2577,酥,2
2581,硝,2
2583,硫,2
2588,颊,2
2589,雳,2
2592,翘,2
2596,凿,2
2599,棠,2
2605,晰,2
2607,鼎,2
2609,喳,2
2614,遏,2
2615,晾,2
2617,畴,2
2619,跋,2
2622,跛,2
2625,蛔,2
2628,蜒,2
2629,蛤,2
2631,鹃,2
2635,喻,2
2636,啼,2
2637,喧,2
2638,嵌,2
2641,赋,2
2643,赎,2
2644,赐,2
2655,锉,2
2657,锌,2
2659,甥,2
2660,掰,2
2663,氮,2
2665,氯,2
2671,黍,2
2679,筏,2
2685,牍,2
2692,粤,2
2700,逾,2
2705,腌,2
2707,腋,2
2709,腕,2
2711,猩,2
2712,猬,2
2715,惫,2
2721,敦,2
2722,痘,2
2723,痢,2
2724,痪,2
2727,竣,2
2730,翔,2
2735,奠,2
2737,遂,2
2740,焙,2
2742,滞,2
2744,湘,2
2746,渤,2
2747,渺,2
2751,溃,2
2752,溅,2
2754,湃,2
2763,愕,2
2764,惶,2
2771,寓,2
2774,窖,2
2776,窘,2
2778,雇,2
2784,谤,2
2786,犀,2
2794,隘,2
2795,媒,2
2798,媚,2
2799,婿,2
2801,缅,2
2802,缆,2
2805,缔,2
2806,缕,2
2809,骚,2
2811,瑟,2
2812,鹉,2
2814,瑰,2
2829,搪,2
2831,聘,2
2832,斟,2
2835,靴,2
2836,靶,2
2841,蓖,2
2843,蒿,2
2845,蒲,2
2846,蓉,2
2850,楔,2
2851,椿,2
2854,楷,2
2855,榄,2
2857,楞,2
2862,楣,2
2864,酪,2
2868,碘,2
2870,硼,2
2871,碉,2
2880,辐,2
2881,辑,2
2884,频,2
2888,睹,2
2889,睦,2
2890,瞄,2
2893,嗜,2
2895,嗦,2
2901,暇,2
2903,畸,2
2905,跷,2
2907,跺,2
2912,蜈,2
2913,蜗,2
2916,蜕,2
2917,蛹,2
2918,嗅,2
2919,嗡,2
2920,嗤,2
2922,署,2
2926,蜀,2
2927,幌,2
2929,锚,2
2933,锥,2
2935,锨,2
2936,锭,2
2939,锰,2
2942,稚,2
2944,颓,2
2949,筷,2
2957,魁,2
2958,衙,2
2962,腻,2
2965,腮,2
2967,腺,2
2968,鹏,2
2971,肄,2
2972,猿,2
2973,颖,2
2976,煞,2
2977,雏,2
2978,馍,2
2979,馏,2
2981,禀,2
2982,痹,2
2983,廓,2
2984,痴,2
2987,靖,2
2991,誊,2
3007,漓,2
3009,溢,2
3010,溯,2
3012,溶,2
3013,滓,2
3014,溺,2
3020,寞,2
3021,窥,2
3022,窟,2
3023,寝,2
3025,褂,2
3026,裸,2
3028,谬,2
3033,媳,2
3034,嫉,2
3038,缚,2
3041,缤,2
3042,剿,2
3046,赘,2
3047,熬,2
3051,赫,2
3059,蔫,2
3062,摹,2
3063,蔓,2
3065,蔗,2
3067,蔼,2
3068,熙,2
3069,蔚,2
3070,兢,2
3071,榛,2
3076,榕,2
3079,酵,2
3083,碟,2
3084,碴,2
3085,碱,2
3086,碳,2
3090,辕,2
3091,辖,2
3092,雌,2
3095,墅,2
3097,嘁,2
3098,踊,2
3103,蝉,2
3104,嘀,2
3105,幔,2
3109,镀,2
3111,舔,2
3113,熏,2
3114,箍,2
3115,箕,2
3119,箫,2
3120,舆,2
3122,僧,2
3131,孵,2
3139,瘩,2
3140,瘟,2
3143,彰,2
3148,粹,2
3154,漱,2
3158,漩,2
3159,漾,2
3163,慷,2
3166,寡,2
3169,寥,2
3170,谭,2
3171,褐,2
3172,褪,2
3174,隧,2
3176,嫡,2
3181,缨,2
3184,撵,2
3187,撩,2
3191,撮,2
3192,撬,2
3194,擒,2
3195,墩,2
3199,撰,2
3202,鞍,2
3204,蕊,2
3206,蕴,2
3210,樊,2
3212,樟,2
3213,橄,2
3214,敷,2
3215,豌,2
3218,醇,2
3220,磕,2
3221,磅,2
3222,碾,2
3229,嘶,2
3230,嘲,2
3231,嘹,2
3239,蝠,2
3240,蝎,2
3241,蝌,2
3242,蝗,2
3243,蝙,2
3244,嘿,2
3246,幢,2
3248,镊,2
3250,镐,2
3252,稽,2
3258,篓,2
3267,膘,2
3269,鲤,2
3270,鲫,2
3273,褒,2
3274,瘪,2
3275,瘤,2
3276,瘫,2
3277,凛,2
3282,憋,2
3284,澎,2
3286,潭,2
3287,潦,2
3288,澳,2
3289,潘,2
3290,澈,2
3291,澜,2
3292,澄,2
3294,憔,2
3295,懊,2
3296,憎,2
3298,翩,2
3299,褥,2
3300,谴,2
3301,鹤,2
3302,憨,2
3305,履,2
3306,嬉,2
3307,豫,2
3308,缭,2
3309,撼,2
3310,擂,2
3312,擅,2
3314,蕾,2
3316,薛,2
3317,薇,2
3318,擎,2
3322,翰,2
3323,噩,2
3324,橱,2
3325,橙,2
3329,瓢,2
3331,磺,2
3332,霍,2
3333,霎,2
3334,辙,2
3335,冀,2
3338,踱,2
3340,蹂,2
3341,蟆,2
3342,螃,2
3343,螟,2
3345,噪,2
3346,鹦,2
3349,黔,2
3352,穆,2
3354,篡,2
3355,篷,2
3356,篙,2
3357,篱,2
3358,儒,2
3362,膳,2
3364,鲸,2
3366,瘾,2
3367,瘸,2
3371,糙,2
3374,燎,2
3376,濒,2
3380,憾,2
3381,懈,2
3382,窿,2
3385,缰,2
3388,壕,2
3392,藐,2
3393,檬,2
3394,檐,2
3395,檩,2
3396,檀,2
3397,礁,2
3398,磷,2
3401,瞭,2
3403,瞬,2
3404,瞳,2
3405,瞪,2
3406,曙,2
3407,蹋,2
3410,蟋,2
3411,蟀,2
3412,嚎,2
3413,赡,2
3414,镣,2
3416,魏,2
3417,簇,2
3419,儡,2
3420,徽,2
3421,爵,2
3422,朦,2
3423,臊,2
3424,鳄,2
3425,糜,2
3426,癌,2
3432,懦,2
3433,豁,2
3434,臀,2
3438,藕,2
3440,藤,2
3442,瞻,2
3444,嚣,2
3447,鳍,2
3449,癞,2
3450,瀑,2
3451,襟,2
3452,璧,2
3453,戳,2
3454,攒,2
3455,孽,2
3457,蘑,2
3458,藻,2
3461,蹭,2
3462,蹬,2
3463,簸,2
3464,簿,2
3465,蟹,2
3467,靡,2
3468,癣,2
3470,羹,2
3471,鳖,2
3474,鬓,2
3476,攘,2
3479,蠕,2
3482,巍,2
3484,鳞,2
3486,糯,2
3488,譬,2
3492,霹,2
3493,躏,2
3494,髓,2
3495,蘸,2
3497,镶,2
3498,瓤,2
3500,矗,2
